{"cameraMode":{"drawMode":0,"name":"Shaded","section":"Shading Mode"},"sceneLighting":true,"audioPlay":false,"sceneViewState":{"showFog":true,"showMaterialUpdate":true,"showSkybox":true,"showFlares":true,"showImageEffects":true,"showParticleSystems":true},"in2DMode":false,"pivot":{"x":36.846412658691409,"y":28.903385162353517,"z":-122.6441421508789},"rotation":{"x":0.41847676038742068,"y":-0.5584461092948914,"z":0.3834352195262909,"w":0.6055763959884644},"size":12.12435531616211,"orthographic":false}