{"cameraMode":{"drawMode":0,"name":"Shaded","section":"Shading Mode"},"sceneLighting":false,"audioPlay":false,"sceneViewState":{"showFog":true,"showMaterialUpdate":false,"showSkybox":true,"showFlares":true,"showImageEffects":true,"showParticleSystems":true},"in2DMode":false,"pivot":{"x":-0.5063714981079102,"y":8.985827445983887,"z":107.0193099975586},"rotation":{"x":0.0025073762517422439,"y":-0.9597987532615662,"z":-0.008320599794387818,"w":-0.280840665102005},"size":1.2247480154037476,"orthographic":false}