{"cameraMode":{"drawMode":0,"name":"Shaded","section":"Shading Mode"},"sceneLighting":false,"audioPlay":false,"sceneViewState":{"showFog":true,"showMaterialUpdate":false,"showSkybox":true,"showFlares":true,"showImageEffects":true,"showParticleSystems":true},"in2DMode":false,"pivot":{"x":-25.872297286987306,"y":29.784812927246095,"z":-170.92686462402345},"rotation":{"x":-0.3313234746456146,"y":-0.6686545014381409,"z":0.4636649787425995,"w":-0.4777906835079193},"size":10.0,"orthographic":false}