{"cameraMode":{"drawMode":0,"name":"Shaded","section":"Shading Mode"},"sceneLighting":false,"audioPlay":false,"sceneViewState":{"showFog":true,"showMaterialUpdate":false,"showSkybox":true,"showFlares":true,"showImageEffects":true,"showParticleSystems":true},"in2DMode":false,"pivot":{"x":7.777862548828125,"y":3.621941089630127,"z":22.30282211303711},"rotation":{"x":0.10459013283252716,"y":0.34312790632247927,"z":-0.03831095993518829,"w":0.9327287673950195},"size":10.449999809265137,"orthographic":false}