{"cameraMode":{"drawMode":0,"name":"Shaded","section":"Shading Mode"},"sceneLighting":true,"audioPlay":false,"sceneViewState":{"showFog":true,"showMaterialUpdate":false,"showSkybox":true,"showFlares":true,"showImageEffects":true,"showParticleSystems":true},"in2DMode":false,"pivot":{"x":10.363212585449219,"y":6.570572376251221,"z":-20.98858642578125},"rotation":{"x":-0.03650853410363197,"y":-0.7172032594680786,"z":0.038132280111312869,"w":-0.6950265765190125},"size":1.395620584487915,"orthographic":false}