{"cameraMode":{"drawMode":0,"name":"Shaded","section":"Shading Mode"},"sceneLighting":true,"audioPlay":false,"sceneViewState":{"showFog":true,"showMaterialUpdate":true,"showSkybox":true,"showFlares":true,"showImageEffects":true,"showParticleSystems":true},"in2DMode":false,"pivot":{"x":-5.098038196563721,"y":1.9553853273391724,"z":123.15472412109375},"rotation":{"x":0.28042495250701907,"y":0.06961553543806076,"z":-0.020395247265696527,"w":0.9571602940559387},"size":3.217005968093872,"orthographic":false}