{"cameraMode":{"drawMode":0,"name":"Shaded","section":"Shading Mode"},"sceneLighting":true,"audioPlay":false,"sceneViewState":{"showFog":true,"showMaterialUpdate":false,"showSkybox":true,"showFlares":true,"showImageEffects":true,"showParticleSystems":true},"in2DMode":false,"pivot":{"x":8.397878646850586,"y":-46.02759552001953,"z":-70.46134185791016},"rotation":{"x":0.5233514904975891,"y":-0.2348492294549942,"z":0.15215268731117249,"w":0.805055558681488},"size":60.62177658081055,"orthographic":false}