{"cameraMode":{"drawMode":0,"name":"Shaded","section":"Shading Mode"},"sceneLighting":true,"audioPlay":false,"sceneViewState":{"showFog":true,"showMaterialUpdate":false,"showSkybox":true,"showFlares":true,"showImageEffects":true,"showParticleSystems":true},"in2DMode":false,"pivot":{"x":-4.324692726135254,"y":6.9201531410217289,"z":-75.42998504638672},"rotation":{"x":-0.009933912195265293,"y":0.7246397733688355,"z":-0.010437526740133763,"w":-0.6890164017677307},"size":0.5807775259017944,"orthographic":false}