{"cameraMode":{"drawMode":0,"name":"Shaded","section":"Shading Mode"},"sceneLighting":true,"audioPlay":false,"sceneViewState":{"showFog":true,"showMaterialUpdate":false,"showSkybox":true,"showFlares":true,"showImageEffects":true,"showParticleSystems":true},"in2DMode":false,"pivot":{"x":-5.194133281707764,"y":6.550985813140869,"z":-73.47905731201172},"rotation":{"x":-0.05699329823255539,"y":0.6886637806892395,"z":-0.054459672421216968,"w":-0.7208186984062195},"size":0.38511940836906435,"orthographic":false}