{"cameraMode":{"drawMode":0,"name":"Shaded","section":"Shading Mode"},"sceneLighting":true,"audioPlay":false,"sceneViewState":{"showFog":true,"showMaterialUpdate":false,"showSkybox":true,"showFlares":true,"showImageEffects":true,"showParticleSystems":true},"in2DMode":false,"pivot":{"x":1.6076133251190186,"y":6.922259330749512,"z":-64.32015228271485},"rotation":{"x":-0.017559558153152467,"y":0.7467954158782959,"z":-0.019722774624824525,"w":-0.6645695567131043},"size":0.2807774841785431,"orthographic":false}