{"cameraMode":{"drawMode":0,"name":"Shaded","section":"Shading Mode"},"sceneLighting":true,"audioPlay":false,"sceneViewState":{"showFog":true,"showMaterialUpdate":false,"showSkybox":true,"showFlares":true,"showImageEffects":true,"showParticleSystems":true},"in2DMode":false,"pivot":{"x":-6.277431488037109,"y":6.08143424987793,"z":-74.91731262207031},"rotation":{"x":0.03174542635679245,"y":0.7166936993598938,"z":0.03270188346505165,"w":-0.6959360241889954},"size":0.01922251656651497,"orthographic":false}