{"cameraMode":{"drawMode":0,"name":"Shaded","section":"Shading Mode"},"sceneLighting":true,"audioPlay":false,"sceneViewState":{"showFog":true,"showMaterialUpdate":false,"showSkybox":true,"showFlares":true,"showImageEffects":true,"showParticleSystems":true},"in2DMode":false,"pivot":{"x":-5.201751232147217,"y":6.619846820831299,"z":-73.55245208740235},"rotation":{"x":-0.02335917018353939,"y":0.7242951393127441,"z":-0.024572566151618959,"w":-0.6886932253837586},"size":0.38511940836906435,"orthographic":false}